{"cameraMode":{"drawMode":0,"name":"Shaded","section":"Shading Mode"},"sceneLighting":true,"audioPlay":false,"sceneViewState":{"showFog":true,"showMaterialUpdate":true,"showSkybox":true,"showFlares":true,"showImageEffects":true,"showParticleSystems":true},"in2DMode":false,"pivot":{"x":118.35600280761719,"y":20.917858123779298,"z":157.0919647216797},"rotation":{"x":-0.23087699711322785,"y":-0.4432569742202759,"z":0.1213851124048233,"w":-0.8579146862030029},"size":8.721266746520996,"orthographic":false}