{"cameraMode":{"drawMode":0,"name":"Shaded","section":"Shading Mode"},"sceneLighting":true,"audioPlay":false,"sceneViewState":{"showFog":true,"showMaterialUpdate":true,"showSkybox":true,"showFlares":true,"showImageEffects":true,"showParticleSystems":true},"in2DMode":false,"pivot":{"x":62.56755828857422,"y":-10.853439331054688,"z":59.00267028808594},"rotation":{"x":0.2568855881690979,"y":-0.31054386496543887,"z":0.08753388375043869,"w":0.9110831618309021},"size":144.88336181640626,"orthographic":false}