{"cameraMode":{"drawMode":0,"name":"Shaded","section":"Shading Mode"},"sceneLighting":true,"audioPlay":false,"sceneViewState":{"showFog":true,"showMaterialUpdate":true,"showSkybox":true,"showFlares":true,"showImageEffects":true,"showParticleSystems":true},"in2DMode":false,"pivot":{"x":255.71627807617188,"y":154.90054321289063,"z":-96.60205078125},"rotation":{"x":-0.06880246102809906,"y":0.019202128052711488,"z":0.0004789326339960098,"w":-0.9977147579193115},"size":1236.40234375,"orthographic":false}