{"cameraMode":{"drawMode":0,"name":"Shaded","section":"Shading Mode"},"sceneLighting":true,"audioPlay":false,"sceneViewState":{"showFog":true,"showMaterialUpdate":true,"showSkybox":true,"showFlares":true,"showImageEffects":true,"showParticleSystems":true},"in2DMode":false,"pivot":{"x":129.98089599609376,"y":67.08113861083985,"z":123.35955047607422},"rotation":{"x":0.11559972912073136,"y":-0.879862368106842,"z":0.2708016037940979,"w":0.3735153377056122},"size":199.6612091064453,"orthographic":false}