{"cameraMode":{"drawMode":0,"name":"Shaded","section":"Shading Mode"},"sceneLighting":true,"audioPlay":false,"sceneViewState":{"showFog":true,"showMaterialUpdate":true,"showSkybox":true,"showFlares":true,"showImageEffects":true,"showParticleSystems":true},"in2DMode":false,"pivot":{"x":71.17129516601563,"y":20.30841064453125,"z":123.40902709960938},"rotation":{"x":-0.11485707014799118,"y":0.8851828575134277,"z":-0.34229862689971926,"w":-0.2941356301307678},"size":94.19570922851563,"orthographic":false}