{"cameraMode":{"drawMode":0,"name":"Shaded","section":"Shading Mode"},"sceneLighting":true,"audioPlay":false,"sceneViewState":{"showFog":true,"showMaterialUpdate":true,"showSkybox":true,"showFlares":true,"showImageEffects":true,"showParticleSystems":true},"in2DMode":false,"pivot":{"x":79.65554809570313,"y":-11.956598281860352,"z":144.42918395996095},"rotation":{"x":-0.40768617391586306,"y":0.16880063712596894,"z":-0.07696696370840073,"w":-0.8940989375114441},"size":178.4839630126953,"orthographic":false}