{"cameraMode":{"drawMode":0,"name":"Shaded","section":"Shading Mode"},"sceneLighting":true,"audioPlay":false,"sceneViewState":{"showFog":true,"showMaterialUpdate":true,"showSkybox":true,"showFlares":true,"showImageEffects":true,"showParticleSystems":true},"in2DMode":false,"pivot":{"x":-2.6306228637695314,"y":-1.3886404037475587,"z":3.4760351181030275},"rotation":{"x":-0.12571999430656434,"y":0.819545567035675,"z":-0.19692035019397736,"w":-0.5232231020927429},"size":29.55091094970703,"orthographic":false}