{"cameraMode":{"drawMode":0,"name":"Shaded","section":"Shading Mode"},"sceneLighting":true,"audioPlay":false,"sceneViewState":{"showFog":true,"showMaterialUpdate":true,"showSkybox":true,"showFlares":true,"showImageEffects":true,"showParticleSystems":true},"in2DMode":false,"pivot":{"x":47.30344009399414,"y":0.0,"z":104.69815826416016},"rotation":{"x":0.05791092664003372,"y":-0.940544843673706,"z":0.27403655648231509,"w":0.1933746337890625},"size":37.83599090576172,"orthographic":false}