{"cameraMode":{"drawMode":0,"name":"Shaded","section":"Shading Mode"},"sceneLighting":true,"audioPlay":false,"sceneViewState":{"showFog":true,"showMaterialUpdate":true,"showSkybox":true,"showFlares":true,"showImageEffects":true,"showParticleSystems":true},"in2DMode":false,"pivot":{"x":146.84896850585938,"y":-27.307710647583009,"z":91.322998046875},"rotation":{"x":-0.36321011185646059,"y":-0.2948512136936188,"z":0.12236765772104263,"w":-0.8753681182861328},"size":233.87757873535157,"orthographic":false}