{"cameraMode":{"drawMode":0,"name":"Shaded","section":"Shading Mode"},"sceneLighting":true,"audioPlay":false,"sceneViewState":{"showFog":true,"showMaterialUpdate":true,"showSkybox":true,"showFlares":true,"showImageEffects":true,"showParticleSystems":true},"in2DMode":false,"pivot":{"x":52.706459045410159,"y":3.603987693786621,"z":84.70304870605469},"rotation":{"x":-0.1680709421634674,"y":0.08778310567140579,"z":-0.01295296661555767,"w":-0.9820680618286133},"size":27.854618072509767,"orthographic":false}