{"cameraMode":{"drawMode":0,"name":"Shaded","section":"Shading Mode"},"sceneLighting":true,"audioPlay":false,"sceneViewState":{"showFog":true,"showMaterialUpdate":true,"showSkybox":true,"showFlares":true,"showImageEffects":true,"showParticleSystems":true},"in2DMode":false,"pivot":{"x":58.51502227783203,"y":-20.868030548095704,"z":100.8626708984375},"rotation":{"x":0.33429810404777529,"y":0.16688227653503419,"z":-0.06192987039685249,"w":0.9257574677467346},"size":62.86586380004883,"orthographic":false}