{"cameraMode":{"drawMode":0,"name":"Shaded","section":"Shading Mode"},"sceneLighting":true,"audioPlay":false,"sceneViewState":{"showFog":true,"showMaterialUpdate":true,"showSkybox":true,"showFlares":true,"showImageEffects":true,"showParticleSystems":true},"in2DMode":false,"pivot":{"x":50.88682556152344,"y":0.108856201171875,"z":75.0078353881836},"rotation":{"x":-0.4050060212612152,"y":0.38269713521003725,"z":-0.189249649643898,"w":-0.8088496923446655},"size":22.87248420715332,"orthographic":false}