{"cameraMode":{"drawMode":0,"name":"Shaded","section":"Shading Mode"},"sceneLighting":true,"audioPlay":false,"sceneViewState":{"showFog":true,"showMaterialUpdate":true,"showSkybox":true,"showFlares":true,"showImageEffects":true,"showParticleSystems":true},"in2DMode":false,"pivot":{"x":81.56671142578125,"y":-25.207294464111329,"z":113.14962005615235},"rotation":{"x":0.21970751881599427,"y":-0.7767841219902039,"z":0.3663942813873291,"w":0.46314987540245058},"size":214.93060302734376,"orthographic":false}