{"cameraMode":{"drawMode":0,"name":"Shaded","section":"Shading Mode"},"sceneLighting":true,"audioPlay":false,"sceneViewState":{"showFog":true,"showMaterialUpdate":true,"showSkybox":true,"showFlares":true,"showImageEffects":true,"showParticleSystems":true},"in2DMode":false,"pivot":{"x":56.49993896484375,"y":1.350651502609253,"z":58.596248626708987},"rotation":{"x":-0.3761962056159973,"y":0.2876669764518738,"z":-0.12292888015508652,"w":-0.8723744750022888},"size":5.859200477600098,"orthographic":false}