{"cameraMode":{"drawMode":0,"name":"Shaded","section":"Shading Mode"},"sceneLighting":true,"audioPlay":false,"sceneViewState":{"showFog":true,"showMaterialUpdate":true,"showSkybox":true,"showFlares":true,"showImageEffects":true,"showParticleSystems":true},"in2DMode":false,"pivot":{"x":68.17523956298828,"y":31.945167541503908,"z":107.19027709960938},"rotation":{"x":-0.06534512341022492,"y":0.9287468194961548,"z":-0.31196027994155886,"w":-0.1904464215040207},"size":53.34904098510742,"orthographic":false}