{"cameraMode":{"drawMode":0,"name":"Shaded","section":"Shading Mode"},"sceneLighting":true,"audioPlay":false,"sceneViewState":{"showFog":true,"showMaterialUpdate":true,"showSkybox":true,"showFlares":true,"showImageEffects":true,"showParticleSystems":true},"in2DMode":false,"pivot":{"x":-1.0106711387634278,"y":-5.444845199584961,"z":4.900024890899658},"rotation":{"x":-0.12571999430656434,"y":0.819545567035675,"z":-0.19692035019397736,"w":-0.5232231020927429},"size":20.78835678100586,"orthographic":false}