{"cameraMode":{"drawMode":0,"name":"Shaded","section":"Shading Mode"},"sceneLighting":true,"audioPlay":false,"sceneViewState":{"showFog":true,"showMaterialUpdate":true,"showSkybox":true,"showFlares":true,"showImageEffects":true,"showParticleSystems":true},"in2DMode":false,"pivot":{"x":50.723392486572269,"y":-13.648475646972657,"z":88.77166748046875},"rotation":{"x":0.009752628393471241,"y":0.964690625667572,"z":-0.26066094636917117,"w":0.04327504709362984},"size":59.600643157958987,"orthographic":false}