{"cameraMode":{"drawMode":0,"name":"Shaded","section":"Shading Mode"},"sceneLighting":true,"audioPlay":false,"sceneViewState":{"showFog":true,"showMaterialUpdate":true,"showSkybox":true,"showFlares":true,"showImageEffects":true,"showParticleSystems":true},"in2DMode":false,"pivot":{"x":52.184600830078128,"y":-8.994104385375977,"z":73.04745483398438},"rotation":{"x":-0.46473586559295657,"y":0.31830593943595889,"z":-0.18173238635063172,"w":-0.8063124418258667},"size":46.167789459228519,"orthographic":false}