{"cameraMode":{"drawMode":0,"name":"Shaded","section":"Shading Mode"},"sceneLighting":true,"audioPlay":false,"sceneViewState":{"showFog":true,"showMaterialUpdate":true,"showSkybox":true,"showFlares":true,"showImageEffects":true,"showParticleSystems":true},"in2DMode":false,"pivot":{"x":13.0,"y":0.9500000476837158,"z":4.400000095367432},"rotation":{"x":-0.3398090600967407,"y":0.5836144685745239,"z":-0.29302093386650088,"w":-0.6768039464950562},"size":5.849867343902588,"orthographic":false}