{"cameraMode":{"drawMode":0,"name":"Shaded","section":"Shading Mode"},"sceneLighting":true,"audioPlay":false,"sceneViewState":{"showFog":true,"showMaterialUpdate":true,"showSkybox":true,"showFlares":true,"showImageEffects":true,"showParticleSystems":true},"in2DMode":false,"pivot":{"x":465.062255859375,"y":-175.77073669433595,"z":530.2381591796875},"rotation":{"x":0.46133801341056826,"y":-0.36131760478019717,"z":0.21280497312545777,"w":0.7821111083030701},"size":760.3607788085938,"orthographic":false}