{"cameraMode":{"drawMode":0,"name":"Shaded","section":"Shading Mode"},"sceneLighting":true,"audioPlay":false,"sceneViewState":{"showFog":true,"showMaterialUpdate":true,"showSkybox":true,"showFlares":true,"showImageEffects":true,"showParticleSystems":true},"in2DMode":false,"pivot":{"x":871.7653198242188,"y":83.52194213867188,"z":23.550323486328126},"rotation":{"x":-0.12995582818984986,"y":0.04038260132074356,"z":-0.0033034489024430515,"w":-0.9909652471542358},"size":213.49229431152345,"orthographic":false}