{"cameraMode":{"drawMode":0,"name":"Shaded","section":"Shading Mode"},"sceneLighting":true,"audioPlay":false,"sceneViewState":{"showFog":true,"showMaterialUpdate":true,"showSkybox":true,"showFlares":true,"showImageEffects":true,"showParticleSystems":true},"in2DMode":false,"pivot":{"x":99.2984390258789,"y":-49.28287124633789,"z":134.15621948242188},"rotation":{"x":-0.3214362561702728,"y":-0.022158535197377206,"z":0.007553029339760542,"w":-0.946722686290741},"size":224.7793731689453,"orthographic":false}