{"cameraMode":{"drawMode":0,"name":"Shaded","section":"Shading Mode"},"sceneLighting":true,"audioPlay":false,"sceneViewState":{"showFog":true,"showMaterialUpdate":true,"showSkybox":true,"showFlares":true,"showImageEffects":true,"showParticleSystems":true},"in2DMode":false,"pivot":{"x":21.894031524658204,"y":-22.268030166625978,"z":26.81479263305664},"rotation":{"x":-0.378219872713089,"y":-0.2886132001876831,"z":0.1254151463508606,"w":-0.8706817030906677},"size":48.19402313232422,"orthographic":false}