{"cameraMode":{"drawMode":0,"name":"Shaded","section":"Shading Mode"},"sceneLighting":true,"audioPlay":false,"sceneViewState":{"showFog":true,"showMaterialUpdate":true,"showSkybox":true,"showFlares":true,"showImageEffects":true,"showParticleSystems":true},"in2DMode":false,"pivot":{"x":69.44368743896485,"y":-11.875198364257813,"z":113.8508529663086},"rotation":{"x":-0.3707924783229828,"y":0.13687728345394135,"z":-0.05308207869529724,"w":-0.9173491597175598},"size":132.61962890625,"orthographic":false}