{"cameraMode":{"drawMode":0,"name":"Shaded","section":"Shading Mode"},"sceneLighting":true,"audioPlay":false,"sceneViewState":{"showFog":true,"showMaterialUpdate":true,"showSkybox":true,"showFlares":true,"showImageEffects":true,"showParticleSystems":true},"in2DMode":false,"pivot":{"x":56.573238372802737,"y":7.5006256103515629,"z":51.638309478759769},"rotation":{"x":-0.04095521569252014,"y":0.9523172974586487,"z":-0.26832160353660586,"w":-0.1408642679452896},"size":22.0,"orthographic":false}