{"cameraMode":{"drawMode":0,"name":"Shaded","section":"Shading Mode"},"sceneLighting":true,"audioPlay":false,"sceneViewState":{"showFog":true,"showMaterialUpdate":true,"showSkybox":true,"showFlares":true,"showImageEffects":true,"showParticleSystems":true},"in2DMode":false,"pivot":{"x":59.75463104248047,"y":10.724821090698243,"z":71.80569458007813},"rotation":{"x":-0.3526327908039093,"y":0.0749727189540863,"z":-0.02622491866350174,"w":-0.9326768517494202},"size":44.94732666015625,"orthographic":false}