{"cameraMode":{"drawMode":0,"name":"Shaded","section":"Shading Mode"},"sceneLighting":true,"audioPlay":false,"sceneViewState":{"showFog":true,"showMaterialUpdate":true,"showSkybox":true,"showFlares":true,"showImageEffects":true,"showParticleSystems":true},"in2DMode":false,"pivot":{"x":53.3490104675293,"y":13.290130615234375,"z":74.16578674316406},"rotation":{"x":-0.17088334262371064,"y":0.16504229605197907,"z":-0.026983678340911866,"w":-0.9712769389152527},"size":19.203489303588868,"orthographic":false}