{"cameraMode":{"drawMode":0,"name":"Shaded","section":"Shading Mode"},"sceneLighting":true,"audioPlay":false,"sceneViewState":{"showFog":true,"showMaterialUpdate":true,"showSkybox":true,"showFlares":true,"showImageEffects":true,"showParticleSystems":true},"in2DMode":false,"pivot":{"x":52.18000030517578,"y":1.219868540763855,"z":74.41999816894531},"rotation":{"x":-0.23087699711322785,"y":-0.4432569742202759,"z":0.1213851124048233,"w":-0.8579146862030029},"size":14.793465614318848,"orthographic":false}