{"cameraMode":{"drawMode":0,"name":"Shaded","section":"Shading Mode"},"sceneLighting":true,"audioPlay":false,"sceneViewState":{"showFog":true,"showMaterialUpdate":true,"showSkybox":true,"showFlares":true,"showImageEffects":true,"showParticleSystems":true},"in2DMode":false,"pivot":{"x":48.59525680541992,"y":1.1070709228515626,"z":72.8529281616211},"rotation":{"x":-0.3713173270225525,"y":-0.041092485189437869,"z":0.018607143312692643,"w":-0.9277006983757019},"size":26.56066131591797,"orthographic":false}