{"cameraMode":{"drawMode":0,"name":"Shaded","section":"Shading Mode"},"sceneLighting":true,"audioPlay":false,"sceneViewState":{"showFog":true,"showMaterialUpdate":true,"showSkybox":true,"showFlares":true,"showImageEffects":true,"showParticleSystems":true},"in2DMode":false,"pivot":{"x":45.10612869262695,"y":-24.94987678527832,"z":127.53585052490235},"rotation":{"x":-0.23870401084423066,"y":0.6744339466094971,"z":-0.6551072597503662,"w":-0.24384169280529023},"size":297.39306640625,"orthographic":false}