{"cameraMode":{"drawMode":0,"name":"Shaded","section":"Shading Mode"},"sceneLighting":true,"audioPlay":false,"sceneViewState":{"showFog":true,"showMaterialUpdate":true,"showSkybox":true,"showFlares":true,"showImageEffects":true,"showParticleSystems":true},"in2DMode":false,"pivot":{"x":35.99993133544922,"y":-26.338088989257814,"z":96.65385437011719},"rotation":{"x":-0.3373762369155884,"y":0.11222375184297562,"z":-0.03824722766876221,"w":-0.9341785311698914},"size":96.0797348022461,"orthographic":false}