{"cameraMode":{"drawMode":0,"name":"Shaded","section":"Shading Mode"},"sceneLighting":true,"audioPlay":false,"sceneViewState":{"showFog":true,"showMaterialUpdate":true,"showSkybox":true,"showFlares":true,"showImageEffects":true,"showParticleSystems":true},"in2DMode":false,"pivot":{"x":14.707124710083008,"y":-45.806739807128909,"z":110.45329284667969},"rotation":{"x":-0.25541117787361147,"y":0.0208795927464962,"z":-0.005489769857376814,"w":-0.9666712880134583},"size":150.03201293945313,"orthographic":false}