{"cameraMode":{"drawMode":0,"name":"Shaded","section":"Shading Mode"},"sceneLighting":true,"audioPlay":false,"sceneViewState":{"showFog":true,"showMaterialUpdate":true,"showSkybox":true,"showFlares":true,"showImageEffects":true,"showParticleSystems":true},"in2DMode":false,"pivot":{"x":13.0,"y":0.9500000476837158,"z":4.400000095367432},"rotation":{"x":-0.36321011185646059,"y":-0.2948512136936188,"z":0.12236765772104263,"w":-0.8753681182861328},"size":24.87470245361328,"orthographic":false}