{"cameraMode":{"drawMode":0,"name":"Shaded","section":"Shading Mode"},"sceneLighting":true,"audioPlay":false,"sceneViewState":{"showFog":true,"showMaterialUpdate":true,"showSkybox":true,"showFlares":true,"showImageEffects":true,"showParticleSystems":true},"in2DMode":false,"pivot":{"x":39.52047348022461,"y":-0.04999923333525658,"z":113.5144271850586},"rotation":{"x":-0.24929387867450715,"y":0.185097798705101,"z":-0.046508774161338809,"w":-0.9497238993644714},"size":19.748151779174806,"orthographic":false}