{"cameraMode":{"drawMode":0,"name":"Shaded","section":"Shading Mode"},"sceneLighting":true,"audioPlay":false,"sceneViewState":{"showFog":true,"showMaterialUpdate":true,"showSkybox":true,"showFlares":true,"showImageEffects":true,"showParticleSystems":true},"in2DMode":false,"pivot":{"x":28.978694915771486,"y":-0.49000120162963869,"z":26.743284225463868},"rotation":{"x":0.2943936288356781,"y":-0.6224136352539063,"z":0.27259984612464907,"w":0.6721498966217041},"size":20.500303268432618,"orthographic":false}